Spain,Barcelona,4,Train,£219,I6675SP,,Australia,Great Barrier Reef,17716
Spain,Nerja,6,Plane,£198,TH990ESP,,Australia,Perth,17456
Spain,Malaga,16,Plane,£234,A776ESP,,Australia,Seville,1039
Spain,Seville,14,Plane,£288,NM9876Y,,Chile,Lyon,1546
England,Bognor,1,Coach,£12,BG726H,,Chile,Santiago,21165
France,Lyon,14,Plane,£399,A7995FR,,England,Bognor,5979
France,Paris - Euro Disney,5,Train,£269,TH789FR,,England,London,12085
France,Paris - Euro Disney,3,Train,£125,TH788FR,,England,Lyon,1765
France,Nice,7,Plane,£289,I7897FR,,England,Paris - Euro Disney,69
France,Toulouse,7,Train,£256,SG7637L,,France,Barcelona,269
France,Nimes,7,Plane,£287,FR5625J,,France,Black Forest,626
Germany,Black Forest,4,Coach,£69,A111G,,France,Granada,456
Germany,Berlin,7,Coach,£289,BR6736G,,France,Lyon,10217
Peru,Lima,21,Plane,£975,PG7836G,,France,Madrid,488
Saudi Arabia,Riyadh,14,Plane,£995,KSA8987,,France,Malaga,399
Australia,Great Barrier Reef,32,Plane,£750,I990AUS,,France,Nerja,1054
Australia,Perth,28,Plane,£985,AUS112J,,France,Nice,9539
Chile,Santiago,21,Plane,"£1,259",CH266H,,France,Nimes,9905
England,London,3,Train,£69,I456UK,,France,Paris - Euro Disney,20552
Spain,Seville,10,Plane,£199,TH8956SP,,France,Port of Spain,486
Spain,Barcelona,8,Plane,£177,AJ9836L,,France,Seville,194
Spain,Barcelona,7,Coach,£199,GG9836P,,France,Toulouse,6461
Spain,Malaga,14,Plane,£301,PL8726P,,Germany,Berlin,12980
Spain,Barcelona,4,Train,£219,I6675SP,,Germany,Black Forest,10984
Spain,Seville,14,Train,£299,SV767HH,,Germany,Paris - Euro Disney,219
Spain,Madrid,8,Plane,£277,WE6735L,,Germany,Port of Spain,550
Spain,Granada,10,Plane,£345,GR7878G,,Peru,Lima,16938
Trinidad,Port of Spain,15,Plane,£920,TT67624G,,Peru,Nerja,1244
France,Paris - Euro Disney,8,Train,£289,I6675SP,,Saudi Arabia,Malaga,1120
Spain,Nerja,6,Plane,£198,TH990ESP,,Saudi Arabia,Riyadh,18025
Spain,Malaga,17,Train,£400,A776ESP,,Spain,Barcelona,47338
Spain,Seville,14,Plane,£288,NM9876Y,,Spain,Berlin,1558
England,Bognor,2,Coach,£25,BG726H,,Spain,Black Forest,1204
France,Lyon,20,Plane,£399,A7995FR,,Spain,Bognor,1815
France,Paris - Euro Disney,5,Train,£489,TH789FR,,Spain,Granada,23294
France,Paris - Euro Disney,3,Train,£125,TH788FR,,Spain,Lima,69
France,Nice,8,Plane,£289,I7897FR,,Spain,Madrid,14686
France,Toulouse,7,Train,£365,SG7637L,,Spain,Malaga,26285
France,Nimes,7,Plane,£287,FR5625J,,Spain,Nerja,9682
Germany,Black Forest,4,Coach,£69,A111G,,Spain,Nice,177
Germany,Berlin,9,Coach,£300,BR6736G,,Spain,Nimes,1051
Peru,Lima,21,Plane,£975,PG7836G,,Spain,Paris - Euro Disney,488
Saudi Arabia,Riyadh,14,Plane,£995,KSA8987,,Spain,Riyadh,418
Australia,Great Barrier Reef,36,Plane,£950,I990AUS,,Spain,Seville,36269
Australia,Perth,30,Plane,"£1,000",AUS112J,,Trinidad,Barcelona,1097
Chile,Santiago,20,Plane,"£1,500",CH266H,,Trinidad,Port of Spain,24819
England,London,3,Train,£69,I456UK,,,,
Spain,Seville,10,Plane,£199,TH8956SP,,,,
Spain,Barcelona,9,Plane,£200,AJ9836L,,,,
Spain,Barcelona,7,Coach,£199,GG9836P,,,,
Spain,Malaga,18,Plane,£550,PL8726P,,,,
Spain,Barcelona,4,Train,£219,I6675SP,,,,
Spain,Seville,14,Train,£299,SV767HH,,,,
Spain,Madrid,9,Train,£300,WE6735L,,,,
Spain,Granada,10,Plane,£345,GR7878G,,,,
Trinidad,Port of Spain,12,Plane,£800,TT67624G,,,,
Germany,Black Forest,4,Coach,£69,A111G,,,,
Germany,Berlin,7,Coach,£289,BR6736G,,,,
Peru,Lima,21,Plane,£975,PG7836G,,,,
Saudi Arabia,Riyadh,14,Plane,£995,KSA8987,,,,
Australia,Great Barrier Reef,32,Plane,£750,I990AUS,,,,
Australia,Perth,28,Plane,£985,AUS112J,,,,
Chile,Santiago,21,Plane,"£1,259",CH266H,,,,
England,London,3,Train,£69,I456UK,,,,
Spain,Seville,10,Plane,£199,TH8956SP,,,,
Spain,Barcelona,8,Plane,£177,AJ9836L,,,,
Spain,Barcelona,7,Coach,£199,GG9836P,,,,
Spain,Malaga,14,Plane,£301,PL8726P,,,,
Spain,Barcelona,4,Train,£219,I6675SP,,,,
Spain,Seville,14,Train,£299,SV767HH,,,,
Spain,Madrid,8,Plane,£277,WE6735L,,,,
Spain,Granada,10,Plane,£345,GR7878G,,,,
Trinidad,Port of Spain,15,Plane,£287,TT67624G,,,,
France,Paris - Euro Disney,8,Train,£69,I6675SP,,,,
Spain,Nerja,6,Plane,£300,TH990ESP,,,,
Spain,Malaga,17,Train,£975,A776ESP,,,,
Spain,Seville,14,Plane,£995,NM9876Y,,,,
England,Bognor,2,Coach,£950,BG726H,,,,
France,Lyon,20,Plane,"£1,000",A7995FR,,,,
France,Paris - Euro Disney,5,Coach,"£1,500",TH789FR,,,,
France,Paris - Euro Disney,8,Coach,£69,TH788FR,,,,
France,Nice,10,Plane,£199,I7897FR,,,,
France,Toulouse,15,Plane,£200,SG7637L,,,,
France,Nimes,8,Plane,£199,FR5625J,,,,
Germany,Black Forest,6,Plane,£550,A111G,,,,
Germany,Berlin,17,Plane,£219,BR6736G,,,,
Peru,Lima,14,Train,£299,PG7836G,,,,
Saudi Arabia,Riyadh,2,Plane,£300,KSA8987,,,,
Australia,Great Barrier Reef,20,Plane,£345,I990AUS,,,,
Australia,Perth,5,Plane,£800,AUS112J,,,,
Chile,Santiago,3,Plane,"£1,500",CH266H,,,,
England,London,8,Train,£69,I456UK,,,,
Spain,Seville,7,Coach,£199,TH8956SP,,,,
Spain,Barcelona,7,Coach,£200,AJ9836L,,,,
Spain,Barcelona,4,Plane,£300,GG9836P,,,,
Spain,Malaga,9,Plane,£345,PL8726P,,,,
Spain,Barcelona,21,Plane,£800,I6675SP,,,,
Spain,Seville,14,Plane,£69,SV767HH,,,,
Spain,Madrid,9,Plane,£289,WE6735L,,,,
Spain,Granada,10,Train,£975,GR7878G,,,,
Trinidad,Port of Spain,12,Plane,£995,TT67624G,,,,
Trinidad,Port of Spain,15,Plane,£287,TT67624G,,,,
France,Paris - Euro Disney,8,Train,£69,I6675SP,,,,
Spain,Nerja,6,Plane,£300,TH990ESP,,,,
Spain,Malaga,17,Train,£975,A776ESP,,,,
Spain,Seville,14,Plane,£995,NM9876Y,,,,
England,Bognor,2,Coach,£950,BG726H,,,,
France,Lyon,20,Plane,"£1,000",A7995FR,,,,
France,Paris - Euro Disney,5,Coach,"£1,500",TH789FR,,,,
France,Paris - Euro Disney,8,Coach,£69,TH788FR,,,,
France,Nice,10,Plane,£199,I7897FR,,,,
France,Toulouse,15,Plane,£200,SG7637L,,,,
France,Nimes,8,Plane,£199,FR5625J,,,,
Germany,Black Forest,6,Plane,£550,A111G,,,,
Germany,Berlin,17,Plane,£219,BR6736G,,,,
Peru,Lima,14,Train,£299,PG7836G,,,,
Saudi Arabia,Riyadh,2,Plane,£300,KSA8987,,,,
Australia,Great Barrier Reef,20,Plane,£345,I990AUS,,,,
Australia,Perth,5,Plane,£800,AUS112J,,,,
Chile,Santiago,3,Plane,"£1,500",CH266H,,,,
England,London,8,Train,£69,I456UK,,,,
Spain,Seville,7,Coach,£199,TH8956SP,,,,
Spain,Barcelona,7,Coach,£200,AJ9836L,,,,
Spain,Barcelona,4,Plane,£300,GG9836P,,,,
Spain,Malaga,9,Plane,£345,PL8726P,,,,
Spain,Barcelona,21,Plane,£800,I6675SP,,,,
Spain,Seville,14,Plane,£69,SV767HH,,,,
Spain,Madrid,9,Plane,£289,WE6735L,,,,
Spain,Granada,10,Train,£975,GR7878G,,,,
Trinidad,Port of Spain,12,Plane,£995,TT67624G,,,,
Spain,Madrid,9,Train,£300,WE6735L,,,,
Spain,Granada,10,Plane,£345,GR7878G,,,,
Trinidad,Port of Spain,12,Plane,£800,TT67624G,,,,
Germany,Black Forest,4,Coach,£69,A111G,,,,
Germany,Berlin,7,Coach,£289,BR6736G,,,,
Peru,Lima,21,Plane,£69,PG7836G,,,,
Saudi Arabia,Riyadh,14,Plane,£199,KSA8987,,,,
Australia,Great Barrier Reef,32,Plane,£200,I990AUS,,,,
Australia,Perth,28,Plane,£199,AUS112J,,,,
Chile,Santiago,21,Plane,£550,CH266H,,,,
England,London,3,Train,£219,I456UK,,,,
Spain,Seville,10,Plane,£299,TH8956SP,,,,
Spain,Barcelona,2,Plane,£300,AJ9836L,,,,
Spain,Barcelona,20,Coach,£345,GG9836P,,,,
Spain,Malaga,5,Plane,£800,PL8726P,,,,
Spain,Barcelona,8,Train,"£1,500",I6675SP,,,,
Spain,Seville,10,Train,£69,SV767HH,,,,
Spain,Madrid,15,Plane,£199,WE6735L,,,,
Spain,Granada,8,Plane,£200,GR7878G,,,,
Trinidad,Port of Spain,6,Plane,£300,TT67624G,,,,
France,Paris - Euro Disney,17,Train,£345,I6675SP,,,,
Spain,Nerja,14,Plane,£800,TH990ESP,,,,
Spain,Malaga,2,Train,£69,A776ESP,,,,
Spain,Seville,20,Train,£289,NM9876Y,,,,
England,Bognor,5,Plane,£975,BG726H,,,,
France,Lyon,3,Train,£995,A7995FR,,,,
France,Paris - Euro Disney,8,Plane,£287,TH789FR,,,,
France,Paris - Euro Disney,7,Coach,£69,TH788FR,,,,
France,Nice,7,Plane,£300,I7897FR,,,,
France,Toulouse,4,Coach,£975,SG7637L,,,,
France,Nimes,9,Coach,£995,FR5625J,,,,
Germany,Black Forest,21,Plane,£950,A111G,,,,
Germany,Berlin,14,Plane,£219,BR6736G,,,,
Peru,Lima,9,Plane,£299,PG7836G,,,,
Saudi Arabia,Riyadh,10,Plane,£300,KSA8987,,,,
Australia,Great Barrier Reef,12,Plane,£345,I990AUS,,,,
Australia,Perth,4,Train,£800,AUS112J,,,,
Chile,Santiago,6,Plane,"£1,500",CH266H,,,,
England,London,16,Plane,£69,I456UK,,,,
Spain,Seville,14,Plane,£199,TH8956SP,,,,
Spain,Barcelona,1,Plane,£200,AJ9836L,,,,
Spain,Barcelona,14,Train,£300,GG9836P,,,,
Spain,Malaga,5,Coach,£345,PL8726P,,,,
Spain,Barcelona,3,Coach,£800,I6675SP,,,,
Spain,Seville,7,Plane,£69,SV767HH,,,,
Spain,Madrid,7,Plane,£289,WE6735L,,,,
Spain,Granada,7,Plane,£975,GR7878G,,,,
Trinidad,Port of Spain,4,Plane,£995,TT67624G,,,,
Australia,Great Barrier Reef,15,Plane,£287,TT67624G,,,,
Australia,Perth,8,Train,£69,I6675SP,,,,
Chile,Santiago,6,Plane,£300,TH990ESP,,,,
England,London,17,Train,£975,A776ESP,,,,
Spain,Seville,14,Plane,£995,NM9876Y,,,,
Spain,Barcelona,2,Coach,£950,BG726H,,,,
Spain,Barcelona,20,Plane,"£1,000",A7995FR,,,,
Spain,Malaga,5,Coach,"£1,500",TH789FR,,,,
Spain,Barcelona,8,Coach,£69,TH788FR,,,,
Spain,Seville,10,Plane,£199,I7897FR,,,,
Spain,Madrid,15,Plane,£200,SG7637L,,,,
Spain,Granada,8,Plane,£199,FR5625J,,,,
Trinidad,Port of Spain,6,Plane,£550,A111G,,,,
Trinidad,Port of Spain,17,Plane,£219,BR6736G,,,,
France,Paris - Euro Disney,14,Train,£69,PG7836G,,,,
Spain,Nerja,2,Plane,£199,KSA8987,,,,
Spain,Malaga,20,Plane,£200,I990AUS,,,,
Spain,Seville,5,Plane,£199,AUS112J,,,,
England,Bognor,3,Plane,£550,CH266H,,,,
France,Lyon,8,Train,£219,I456UK,,,,
France,Paris - Euro Disney,7,Coach,£299,TH8956SP,,,,
France,Paris - Euro Disney,7,Coach,£300,AJ9836L,,,,
France,Nice,4,Plane,£345,GG9836P,,,,
France,Toulouse,9,Plane,£800,PL8726P,,,,
France,Nimes,21,Plane,"£1,500",I6675SP,,,,
Germany,Black Forest,14,Plane,£69,SV767HH,,,,
Germany,Berlin,9,Plane,£199,WE6735L,,,,
Peru,Lima,10,Train,£200,GR7878G,,,,
Saudi Arabia,Riyadh,12,Plane,£300,TT67624G,,,,
Spain,Barcelona,4,Train,£219,I6675SP,,,,
Spain,Nerja,6,Plane,£198,TH990ESP,,,,
Spain,Malaga,16,Plane,£234,A776ESP,,,,
Spain,Seville,14,Plane,£288,NM9876Y,,,,
England,Bognor,1,Coach,£12,BG726H,,,,
France,Malaga,14,Plane,£399,A7995FR,,,,
France,Barcelona,5,Train,£269,TH789FR,,,,
France,Seville,3,Train,£125,TH788FR,,,,
France,Madrid,7,Plane,£289,I7897FR,,,,
France,Granada,7,Train,£256,SG7637L,,,,
France,Port of Spain,7,Plane,£287,FR5625J,,,,
Germany,Port of Spain,4,Coach,£69,A111G,,,,
Germany,Paris - Euro Disney,7,Coach,£289,BR6736G,,,,
Peru,Nerja,21,Plane,£975,PG7836G,,,,
Saudi Arabia,Malaga,14,Plane,£995,KSA8987,,,,
Australia,Seville,32,Plane,£750,I990AUS,,,,
Australia,Bognor,28,Plane,£985,AUS112J,,,,
Chile,Lyon,21,Plane,"£1,259",CH266H,,,,
England,Paris - Euro Disney,3,Train,£69,I456UK,,,,
Spain,Paris - Euro Disney,10,Plane,£199,TH8956SP,,,,
Spain,Nice,8,Plane,£177,AJ9836L,,,,
Spain,Toulouse,7,Coach,£199,GG9836P,,,,
Spain,Nimes,14,Plane,£301,PL8726P,,,,
Spain,Black Forest,4,Train,£219,I6675SP,,,,
Spain,Berlin,14,Train,£299,SV767HH,,,,
Spain,Lima,8,Coach,£277,WE6735L,,,,
Spain,Riyadh,10,Coach,£345,GR7878G,,,,
Trinidad,Barcelona,15,Plane,£920,TT67624G,,,,
France,Nerja,8,Plane,£289,I6675SP,,,,
Spain,Malaga,6,Plane,£198,TH990ESP,,,,
Spain,Seville,17,Plane,£400,A776ESP,,,,
Spain,Bognor,14,Plane,£288,NM9876Y,,,,
England,Lyon,2,Train,£25,BG726H,,,,
France,Paris - Euro Disney,20,Plane,£399,A7995FR,,,,
France,Paris - Euro Disney,5,Plane,£489,TH789FR,,,,
France,Nice,3,Plane,£125,TH788FR,,,,
France,Toulouse,8,Plane,£289,I7897FR,,,,
France,Nimes,7,Train,£365,SG7637L,,,,
France,Black Forest,7,Coach,£287,FR5625J,,,,
Germany,Berlin,4,Coach,£69,A111G,,,,
Germany,Berlin,9,Plane,£300,BR6736G,,,,
Peru,Lima,21,Plane,£975,PG7836G,,,,
Saudi Arabia,Riyadh,14,Plane,£995,KSA8987,,,,
Australia,Great Barrier Reef,36,Plane,£950,I990AUS,,,,
Australia,Perth,30,Plane,"£1,000",AUS112J,,,,
Chile,Santiago,20,Train,"£1,500",CH266H,,,,
England,London,3,Plane,£69,I456UK,,,,
Spain,Seville,10,Plane,£199,TH8956SP,,,,
Spain,Barcelona,9,Train,£200,AJ9836L,,,,
Spain,Barcelona,7,Plane,£199,GG9836P,,,,
Spain,Malaga,18,Train,£550,PL8726P,,,,
Spain,Madrid,4,Plane,£219,I6675SP,,,,
Spain,Granada,14,Coach,£299,SV767HH,,,,
Trinidad,Port of Spain,9,Plane,£300,WE6735L,,,,
Germany,Black Forest,10,Coach,£920,GR7878G,,,,
Germany,Berlin,12,Coach,£289,TT67624G,,,,
Peru,Lima,4,Plane,£198,A111G,,,,
Saudi Arabia,Riyadh,7,Plane,£400,BR6736G,,,,
Australia,Great Barrier Reef,21,Plane,£288,PG7836G,,,,
Australia,Perth,14,Plane,£25,KSA8987,,,,
Chile,Santiago,32,Plane,£399,I990AUS,,,,
England,London,28,Train,£489,AUS112J,,,,
Spain,Seville,21,Plane,£125,CH266H,,,,
Spain,Barcelona,3,Plane,£289,I456UK,,,,
Spain,Barcelona,10,Plane,£365,TH8956SP,,,,
Spain,Malaga,8,Plane,£287,AJ9836L,,,,
Spain,Barcelona,7,Train,£69,GG9836P,,,,
Spain,Seville,14,Coach,£300,PL8726P,,,,
Spain,Madrid,4,Coach,£975,I6675SP,,,,
Spain,Granada,14,Plane,£995,SV767HH,,,,
Trinidad,Port of Spain,8,Plane,£950,WE6735L,,,,
France,Paris - Euro Disney,10,Plane,"£1,000",GR7878G,,,,
Spain,Nerja,15,Plane,"£1,500",TT67624G,,,,
Spain,Malaga,8,Train,£69,I6675SP,,,,
Spain,Seville,6,Plane,£199,TH990ESP,,,,
England,Bognor,17,Train,£200,A776ESP,,,,
France,Lyon,14,Plane,£199,NM9876Y,,,,
France,Paris - Euro Disney,2,Coach,£550,BG726H,,,,
France,Paris - Euro Disney,20,Plane,£219,A7995FR,,,,
France,Nice,5,Coach,£299,TH789FR,,,,
France,Toulouse,8,Coach,£300,TH788FR,,,,
France,Nimes,10,Plane,£345,I7897FR,,,,
Germany,Black Forest,15,Plane,£800,SG7637L,,,,
Germany,Berlin,8,Plane,£69,FR5625J,,,,
Peru,Lima,6,Plane,£289,A111G,,,,
Saudi Arabia,Riyadh,17,Plane,£975,BR6736G,,,,
Australia,Great Barrier Reef,14,Train,£995,PG7836G,,,,
Australia,Perth,2,Plane,£750,KSA8987,,,,
Chile,Santiago,20,Plane,£985,I990AUS,,,,
England,London,5,Plane,"£1,259",AUS112J,,,,
Spain,Seville,3,Plane,£69,CH266H,,,,
Spain,Barcelona,8,Train,£199,I456UK,,,,
Spain,Barcelona,7,Coach,£177,TH8956SP,,,,
Spain,Malaga,21,Coach,£199,AJ9836L,,,,
Spain,Barcelona,14,Plane,£301,GG9836P,,,,
Spain,Seville,32,Plane,£219,PL8726P,,,,
Spain,Madrid,28,Plane,£299,I6675SP,,,,
Spain,Granada,21,Plane,£277,SV767HH,,,,
Trinidad,Port of Spain,3,Plane,£345,WE6735L,,,,
Australia,Great Barrier Reef,10,Train,£287,GR7878G,,,,
Australia,Perth,2,Plane,£69,TT67624G,,,,
Chile,Santiago,20,Plane,£300,TT67624G,,,,
England,London,5,Train,£69,I6675SP,,,,
Spain,Seville,8,Plane,£300,TH990ESP,,,,
Spain,Barcelona,10,Train,£975,A776ESP,,,,
Spain,Barcelona,15,Plane,£995,NM9876Y,,,,
Spain,Malaga,8,Coach,£950,BG726H,,,,
Spain,Barcelona,6,Plane,"£1,000",A7995FR,,,,
Spain,Seville,17,Coach,"£1,500",TH789FR,,,,
Spain,Madrid,14,Coach,£69,TH788FR,,,,
Spain,Granada,2,Plane,£199,I7897FR,,,,
Trinidad,Port of Spain,20,Plane,£200,SG7637L,,,,
France,Nimes,5,Plane,£199,FR5625J,,,,
Germany,Black Forest,3,Plane,£550,A111G,,,,
Germany,Berlin,17,Plane,£219,BR6736G,,,,
Peru,Lima,14,Train,£299,PG7836G,,,,
Saudi Arabia,Riyadh,2,Plane,£300,KSA8987,,,,
Australia,Great Barrier Reef,20,Plane,£345,I990AUS,,,,
Australia,Perth,5,Plane,£800,AUS112J,,,,
Chile,Santiago,3,Plane,"£1,500",CH266H,,,,
England,London,8,Train,£69,I456UK,,,,
Spain,Seville,7,Coach,£199,TH8956SP,,,,
Spain,Barcelona,7,Coach,£200,AJ9836L,,,,
Spain,Barcelona,4,Plane,£300,GG9836P,,,,
Spain,Malaga,9,Plane,£345,PL8726P,,,,
Spain,Barcelona,21,Plane,£800,I6675SP,,,,
Spain,Seville,14,Plane,£69,SV767HH,,,,
Spain,Madrid,9,Plane,£289,WE6735L,,,,
Spain,Granada,10,Train,£975,GR7878G,,,,
Trinidad,Port of Spain,12,Plane,£995,TT67624G,,,,
Spain,Madrid,9,Train,£300,WE6735L,,,,
Spain,Granada,10,Plane,£345,GR7878G,,,,
Trinidad,Port of Spain,12,Plane,£800,TT67624G,,,,
Germany,Black Forest,15,Coach,£69,A111G,,,,
Germany,Berlin,8,Coach,£289,BR6736G,,,,
Peru,Lima,6,Plane,£69,PG7836G,,,,
Saudi Arabia,Riyadh,17,Plane,£199,KSA8987,,,,
Australia,Great Barrier Reef,14,Plane,£200,I990AUS,,,,
Australia,Perth,2,Plane,£199,AUS112J,,,,
Chile,Santiago,20,Plane,£550,CH266H,,,,
England,London,5,Train,£219,I456UK,,,,
Spain,Seville,8,Plane,£299,TH8956SP,,,,
Spain,Barcelona,10,Plane,£300,AJ9836L,,,,
Spain,Barcelona,15,Coach,£345,GG9836P,,,,
Spain,Malaga,8,Plane,£800,PL8726P,,,,
Spain,Barcelona,6,Train,"£1,500",I6675SP,,,,
Spain,Seville,17,Train,£69,SV767HH,,,,
Spain,Madrid,14,Plane,£199,WE6735L,,,,
Spain,Granada,2,Plane,£200,GR7878G,,,,
Trinidad,Port of Spain,20,Plane,£300,TT67624G,,,,
France,Paris - Euro Disney,5,Train,£345,I6675SP,,,,
Spain,Nerja,3,Plane,£800,TH990ESP,,,,
Spain,Malaga,8,Train,£69,A776ESP,,,,
Spain,Seville,7,Train,£289,NM9876Y,,,,
England,Bognor,7,Plane,£975,BG726H,,,,
France,Lyon,4,Train,£995,A7995FR,,,,
France,Paris - Euro Disney,9,Plane,£287,TH789FR,,,,
France,Paris - Euro Disney,21,Coach,£69,TH788FR,,,,
France,Nice,14,Plane,£300,I7897FR,,,,
France,Toulouse,9,Coach,£975,SG7637L,,,,
France,Nimes,10,Coach,£995,FR5625J,,,,
Germany,Black Forest,12,Plane,£950,A111G,,,,
Germany,Berlin,17,Plane,£219,BR6736G,,,,
Peru,Lima,14,Plane,£299,PG7836G,,,,
Saudi Arabia,Riyadh,2,Plane,£300,KSA8987,,,,
Australia,Great Barrier Reef,20,Plane,£345,I990AUS,,,,
Australia,Perth,5,Train,£800,AUS112J,,,,
Chile,Santiago,3,Plane,"£1,500",CH266H,,,,
England,London,8,Plane,£69,I456UK,,,,
Spain,Seville,7,Plane,£199,TH8956SP,,,,
Spain,Barcelona,7,Plane,£200,AJ9836L,,,,
Spain,Barcelona,4,Train,£300,GG9836P,,,,
Spain,Malaga,9,Coach,£345,PL8726P,,,,
Spain,Barcelona,21,Coach,£800,I6675SP,,,,
Spain,Seville,14,Plane,£69,SV767HH,,,,
Spain,Madrid,9,Plane,£289,WE6735L,,,,
Spain,Granada,10,Plane,£975,GR7878G,,,,
Trinidad,Port of Spain,12,Plane,£995,TT67624G,,,,
Australia,Great Barrier Reef,15,Plane,£287,TT67624G,,,,
Australia,Perth,8,Plane,£69,I6675SP,,,,
Chile,Santiago,6,Train,£300,TH990ESP,,,,
England,London,17,Plane,£975,A776ESP,,,,
Spain,Seville,14,Train,£995,NM9876Y,,,,
Spain,Barcelona,2,Plane,£950,BG726H,,,,
Spain,Barcelona,20,Plane,"£1,000",A7995FR,,,,
Spain,Malaga,5,Coach,"£1,500",TH789FR,,,,
Spain,Barcelona,8,Coach,£69,TH788FR,,,,
Spain,Seville,10,Plane,£199,I7897FR,,,,
Spain,Madrid,15,Plane,£200,SG7637L,,,,
Spain,Granada,8,Plane,£199,FR5625J,,,,
Trinidad,Port of Spain,6,Plane,£550,A111G,,,,
Trinidad,Port of Spain,17,Plane,£219,BR6736G,,,,
France,Paris - Euro Disney,14,Train,£69,PG7836G,,,,
Spain,Nerja,2,Plane,£199,KSA8987,,,,
Spain,Malaga,20,Plane,£200,I990AUS,,,,
Spain,Seville,5,Coach,£199,AUS112J,,,,
England,Bognor,3,Plane,£550,CH266H,,,,
France,Lyon,8,Train,£219,I456UK,,,,
France,Paris - Euro Disney,7,Train,£299,TH8956SP,,,,
France,Paris - Euro Disney,7,Plane,£300,AJ9836L,,,,
France,Nice,4,Plane,£345,GG9836P,,,,
France,Toulouse,15,Plane,£800,PL8726P,,,,
France,Nimes,8,Train,"£1,500",I6675SP,,,,
Germany,Black Forest,6,Plane,£69,SV767HH,,,,
Germany,Berlin,17,Train,£199,WE6735L,,,,
Peru,Lima,14,Train,£200,GR7878G,,,,
Saudi Arabia,Riyadh,2,Plane,£300,TT67624G,,,,
Spain,Barcelona,20,Train,£269,TH789FR,,,,
Spain,Nerja,5,Plane,£125,TH788FR,,,,
Spain,Malaga,3,Plane,£289,I7897FR,,,,
Spain,Seville,8,Plane,£256,SG7637L,,,,
England,Bognor,7,Coach,£287,FR5625J,,,,
France,Lyon,7,Plane,£69,A111G,,,,
France,Paris - Euro Disney,4,Train,£289,BR6736G,,,,
France,Paris - Euro Disney,9,Train,£975,PG7836G,,,,
France,Nice,21,Plane,£995,KSA8987,,,,
France,Toulouse,14,Train,£750,I990AUS,,,,
France,Lyon,9,Plane,£985,AUS112J,,,,
France,Paris - Euro Disney,10,Coach,"£1,259",CH266H,,,,
France,Paris - Euro Disney,12,Coach,£69,I456UK,,,,
France,Nice,4,Plane,£199,TH8956SP,,,,
England,London,6,Plane,£177,AJ9836L,,,,
Spain,Seville,16,Plane,£199,GG9836P,,,,
Spain,Barcelona,14,Plane,£301,PL8726P,,,,
Spain,Barcelona,1,Plane,£219,I6675SP,,,,
Spain,Malaga,14,Train,£299,SV767HH,,,,
Spain,Barcelona,5,Plane,£277,WE6735L,,,,
Spain,Seville,3,Plane,£345,GR7878G,,,,
Spain,Madrid,7,Coach,£920,TT67624G,,,,
Spain,Granada,7,Plane,£289,I6675SP,,,,
Trinidad,Port of Spain,7,Train,£198,TH990ESP,,,,
Germany,Black Forest,4,Train,£400,A776ESP,,,,
Germany,Berlin,8,Plane,£288,NM9876Y,,,,
Peru,Lima,10,Plane,£345,GR7878G,,,,
Saudi Arabia,Riyadh,15,Plane,£920,TT67624G,,,,
Australia,Great Barrier Reef,8,Train,£289,I6675SP,,,,
Australia,Perth,6,Plane,£198,TH990ESP,,,,
Chile,Santiago,17,Train,£400,A776ESP,,,,
England,London,14,Plane,£288,NM9876Y,,,,
Spain,Seville,2,Coach,£25,BG726H,,,,
Spain,Barcelona,20,Plane,£399,A7995FR,,,,
Spain,Barcelona,5,Train,£489,TH789FR,,,,
Spain,Malaga,3,Train,£125,TH788FR,,,,
Spain,Barcelona,8,Plane,£289,I7897FR,,,,
Spain,Seville,7,Train,£365,SG7637L,,,,
Spain,Madrid,7,Plane,£287,FR5625J,,,,
Spain,Granada,4,Coach,£69,A111G,,,,
Trinidad,Port of Spain,9,Coach,£300,BR6736G,,,,
France,Paris - Euro Disney,21,Plane,£975,PG7836G,,,,
Spain,Nerja,14,Plane,£995,KSA8987,,,,
Spain,Malaga,36,Plane,£950,I990AUS,,,,
Spain,Seville,30,Plane,"£1,000",AUS112J,,,,
England,Bognor,20,Plane,£198,KSA8987,,,,
England,London,3,Train,£400,I990AUS,,,,
Spain,Seville,10,Plane,£288,AUS112J,,,,
Spain,Barcelona,9,Plane,£345,CH266H,,,,
Spain,Barcelona,7,Coach,£920,I456UK,,,,
Spain,Malaga,18,Plane,£289,TH8956SP,,,,
Spain,Malaga,4,Train,£198,AJ9836L,,,,
Spain,Barcelona,14,Train,£400,GG9836P,,,,
Spain,Seville,9,Train,£288,PL8726P,,,,
Spain,Madrid,10,Plane,£25,I6675SP,,,,
Spain,Granada,12,Plane,£399,SV767HH,,,,
Trinidad,Port of Spain,4,Coach,£489,WE6735L,,,,
France,Paris - Euro Disney,7,Coach,£125,GR7878G,,,,
Spain,Nerja,21,Plane,£289,TT67624G,,,,
Spain,Malaga,14,Plane,£365,TT67624G,,,,
Spain,Seville,32,Plane,£287,I6675SP,,,,
England,Bognor,28,Plane,£69,TH990ESP,,,,
France,Lyon,21,Plane,£975,A776ESP,,,,
France,Paris - Euro Disney,3,Train,£995,NM9876Y,,,,
France,Paris - Euro Disney,10,Plane,£950,BG726H,,,,
France,Nice,8,Plane,"£1,000",A7995FR,,,,
France,Toulouse,7,Coach,"£1,500",TH789FR,,,,
France,Nimes,14,Plane,£69,TH788FR,,,,
Germany,Black Forest,4,Train,£199,I7897FR,,,,
Germany,Berlin,14,Train,£200,SG7637L,,,,
Peru,Lima,8,Plane,£199,FR5625J,,,,
Saudi Arabia,Riyadh,10,Plane,£550,A111G,,,,
Australia,Great Barrier Reef,9,Plane,£219,BR6736G,,,,
Australia,Perth,7,Coach,£299,PG7836G,,,,
Chile,Santiago,18,Plane,£300,KSA8987,,,,
England,London,4,Train,£345,I990AUS,,,,
Spain,Seville,14,Train,£800,AUS112J,,,,
Spain,Barcelona,9,Train,"£1,500",CH266H,,,,
Spain,Barcelona,10,Plane,£69,I456UK,,,,
Spain,Malaga,12,Plane,£199,TH8956SP,,,,
Spain,Barcelona,4,Coach,£200,AJ9836L,,,,
Spain,Seville,7,Coach,£300,GG9836P,,,,
Spain,Madrid,21,Plane,£345,PL8726P,,,,
Spain,Granada,14,Plane,£800,I6675SP,,,,
Trinidad,Port of Spain,32,Plane,£69,SV767HH,,,,
Spain,Barcelona,28,Plane,£289,WE6735L,,,,
Spain,Barcelona,21,Plane,£975,GR7878G,,,,
Spain,Malaga,3,Train,£995,TT67624G,,,,
Spain,Barcelona,9,Train,£300,WE6735L,,,,
Spain,Seville,10,Plane,£345,GR7878G,,,,
Spain,Madrid,12,Plane,£800,TT67624G,,,,
Spain,Granada,4,Coach,£69,A111G,,,,
Trinidad,Port of Spain,7,Coach,£289,BR6736G,,,,
Trinidad,Port of Spain,21,Plane,£69,PG7836G,,,,
France,Paris - Euro Disney,14,Plane,£199,KSA8987,,,,
Spain,Nerja,32,Plane,£200,I990AUS,,,,
Spain,Malaga,28,Plane,£199,AUS112J,,,,
Spain,Seville,21,Plane,£550,CH266H,,,,
England,Bognor,3,Train,£489,WE6735L,,,,
France,Lyon,10,Plane,£125,GR7878G,,,,
France,Paris - Euro Disney,8,Plane,£289,TT67624G,,,,
France,Paris - Euro Disney,7,Coach,£365,TT67624G,,,,
France,Nice,14,Plane,£287,I6675SP,,,,
France,Toulouse,4,Train,£69,TH990ESP,,,,
France,Nimes,14,Train,£975,A776ESP,,,,
Germany,Black Forest,8,Plane,£995,NM9876Y,,,,
Spain,Malaga,10,Plane,£950,BG726H,,,,
Spain,Barcelona,9,Plane,"£1,000",A7995FR,,,,
Spain,Seville,7,Coach,"£1,500",TH789FR,,,,
Spain,Madrid,18,Plane,£69,TH788FR,,,,
Spain,Granada,4,Train,£199,I7897FR,,,,
Trinidad,Port of Spain,14,Train,£200,SG7637L,,,,
Trinidad,Port of Spain,9,Train,£199,FR5625J,,,,
France,Paris - Euro Disney,10,Plane,£550,A111G,,,,
Spain,Nerja,12,Plane,£219,BR6736G,,,,
Spain,Malaga,4,Coach,£299,PG7836G,,,,
Spain,Seville,7,Coach,£300,KSA8987,,,,
England,Bognor,21,Plane,£345,I990AUS,,,,
France,Lyon,14,Plane,£800,AUS112J,,,,
France,Paris - Euro Disney,32,Plane,"£1,500",CH266H,,,,
France,Paris - Euro Disney,28,Plane,£69,I456UK,,,,
France,Nice,21,Plane,£199,TH8956SP,,,,
France,Toulouse,3,Train,£200,AJ9836L,,,,
France,Nimes,10,Plane,£300,GG9836P,,,,
Germany,Black Forest,8,Plane,£345,PL8726P,,,,
Germany,Berlin,7,Coach,£800,I6675SP,,,,
Peru,Lima,14,Plane,£69,SV767HH,,,,
Saudi Arabia,Riyadh,4,Train,£289,WE6735L,,,,
Australia,Great Barrier Reef,14,Train,£975,GR7878G,,,,
Australia,Perth,8,Plane,£995,TT67624G,,,,
Chile,Santiago,10,Plane,£300,WE6735L,,,,
England,London,15,Plane,£345,GR7878G,,,,
Spain,Seville,8,Train,£800,TT67624G,,,,
Spain,Barcelona,6,Plane,£69,A111G,,,,
Spain,Barcelona,17,Train,"£1,259",BR6736G,,,,
Spain,Malaga,14,Plane,£69,PG7836G,,,,
Spain,Barcelona,2,Coach,£199,KSA8987,,,,
Spain,Seville,20,Plane,£177,I990AUS,,,,
Spain,Madrid,28,Plane,£199,AUS112J,,,,
Spain,Granada,21,Plane,£301,CH266H,,,,
Trinidad,Port of Spain,3,Train,£219,I456UK,,,,
Spain,Madrid,10,Plane,£299,TH8956SP,,,,
Spain,Barcelona,2,Plane,£277,AJ9836L,,,,
Spain,Malaga,20,Coach,£345,GG9836P,,,,
Spain,Barcelona,5,Plane,£920,PL8726P,,,,
Spain,Seville,8,Train,£289,I6675SP,,,,
Spain,Madrid,10,Train,£198,SV767HH,,,,
Spain,Granada,15,Plane,£400,WE6735L,,,,
Trinidad,Port of Spain,8,Plane,£288,GR7878G,,,,
Spain,Madrid,6,Plane,£25,TT67624G,,,,
Spain,Granada,17,Train,£399,I6675SP,,,,
Trinidad,Port of Spain,14,Plane,£489,TH990ESP,,,,
Germany,Black Forest,2,Train,£125,A776ESP,,,,
Germany,Berlin,20,Train,£289,NM9876Y,,,,
England,Bognor,5,Plane,£365,BG726H,,,,
Spain,Madrid,3,Train,£287,A7995FR,,,,
Spain,Granada,8,Plane,£69,TH789FR,,,,
Trinidad,Port of Spain,2,Coach,£300,TH788FR,,,,
Spain,Madrid,20,Plane,£975,I7897FR,,,,
Spain,Granada,28,Plane,£995,SG7637L,,,,
Trinidad,Port of Spain,21,Plane,£950,FR5625J,,,,
Germany,Black Forest,3,Train,"£1,000",A111G,,,,
Germany,Berlin,10,Plane,"£1,500",BR6736G,,,,
England,Bognor,2,Plane,£69,PG7836G,,,,
France,Lyon,28,Coach,£199,KSA8987,,,,
France,Paris - Euro Disney,21,Plane,£200,I990AUS,,,,
France,Paris - Euro Disney,3,Train,£199,AUS112J,,,,
France,Nice,10,Train,£550,CH266H,,,,
France,Toulouse,2,Plane,£219,I456UK,,,,
France,Nimes,20,Plane,£299,TH8956SP,,,,
Germany,Black Forest,5,Plane,£300,AJ9836L,,,,
Germany,Berlin,8,Train,£920,GG9836P,,,,
Peru,Lima,10,Plane,£289,PL8726P,,,,
Saudi Arabia,Riyadh,15,Train,£198,I6675SP,,,,
Australia,Great Barrier Reef,8,Train,£400,SV767HH,,,,
Australia,Perth,6,Plane,£288,WE6735L,,,,
Chile,Santiago,17,Train,£25,GR7878G,,,,
England,London,14,Plane,£399,TT67624G,,,,
Spain,Seville,2,Coach,£489,TT67624G,,,,
Spain,Malaga,20,Plane,£125,I6675SP,,,,
Spain,Barcelona,5,Coach,£289,TH990ESP,,,,
Spain,Seville,3,Coach,£365,A776ESP,,,,
Spain,Madrid,8,Plane,£287,NM9876Y,,,,
Spain,Granada,7,Plane,£69,BG726H,,,,
Trinidad,Port of Spain,7,Plane,£300,A7995FR,,,,
Spain,Madrid,4,Plane,£975,TH789FR,,,,
Spain,Granada,9,Plane,£995,TH788FR,,,,
Trinidad,Port of Spain,21,Train,£950,I7897FR,,,,
Peru,Lima,14,Coach,"£1,500",SG7637L,,,,
Saudi Arabia,Riyadh,9,Plane,£69,FR5625J,,,,
Australia,Great Barrier Reef,10,Train,£199,A111G,,,,
Australia,Perth,18,Plane,£200,BR6736G,,,,
Chile,Santiago,4,Plane,£300,PG7836G,,,,
England,London,14,Train,£345,KSA8987,,,,
Spain,Seville,9,Plane,£800,I990AUS,,,,
Spain,Barcelona,10,Plane,£69,AUS112J,,,,
Spain,Barcelona,12,Plane,£289,CH266H,,,,
Spain,Malaga,4,Plane,£975,I456UK,,,,
Spain,Barcelona,7,Train,£995,TH8956SP,,,,
France,Paris - Euro Disney,21,Coach,£287,AJ9836L,,,,
France,Nice,14,Coach,£69,GG9836P,,,,
France,Toulouse,32,Plane,£300,PL8726P,,,,
France,Nimes,28,Plane,£975,I6675SP,,,,
Germany,Black Forest,21,Plane,£995,SV767HH,,,,
Germany,Berlin,3,Plane,£950,WE6735L,,,,
Peru,Lima,10,Plane,"£1,000",GR7878G,,,,
Saudi Arabia,Riyadh,8,Train,"£1,500",TT67624G,,,,
France,Seville,7,Plane,£69,I6675SP,,,,
France,Madrid,14,Plane,£199,TH990ESP,,,,
France,Granada,4,Train,£200,A776ESP,,,,
France,Port of Spain,14,Plane,£199,NM9876Y,,,,
Germany,Port of Spain,8,Train,£550,BG726H,,,,
Germany,Paris - Euro Disney,10,Plane,£219,A7995FR,,,,
Peru,Nerja,15,Plane,£269,TH789FR,,,,
Saudi Arabia,Malaga,8,Train,£125,TH788FR,,,,
Australia,Seville,6,Plane,£289,I7897FR,,,,
Australia,Bognor,17,Train,£256,SG7637L,,,,
Chile,Lyon,14,Plane,£287,FR5625J,,,,
England,Paris - Euro Disney,2,Coach,£69,A111G,,,,
Spain,Paris - Euro Disney,20,Plane,£289,BR6736G,,,,
Spain,Nice,5,Coach,£975,PG7836G,,,,
Spain,Toulouse,8,Coach,£995,KSA8987,,,,
Spain,Nimes,10,Plane,£750,I990AUS,,,,
Spain,Black Forest,15,Plane,£985,AUS112J,,,,
Spain,Berlin,8,Plane,"£1,259",CH266H,,,,
Spain,Lima,6,Plane,£69,I456UK,,,,
Spain,Riyadh,17,Plane,£199,TH8956SP,,,,
Trinidad,Barcelona,14,Train,£177,AJ9836L,,,,
France,Nerja,2,Plane,£199,GG9836P,,,,
Spain,Malaga,20,Plane,£301,PL8726P,,,,
Spain,Seville,5,Plane,£219,I6675SP,,,,
Spain,Bognor,3,Plane,£289,SV767HH,,,,
England,Lyon,8,Train,£256,WE6735L,,,,
Spain,Riyadh,7,Coach,£287,GR7878G,,,,
Trinidad,Barcelona,21,Coach,£69,TT67624G,,,,
France,Nerja,14,Plane,£289,I6675SP,,,,
Spain,Malaga,32,Plane,£975,TH990ESP,,,,
Spain,Seville,28,Plane,£995,A776ESP,,,,
Spain,Bognor,21,Plane,£750,NM9876Y,,,,
England,Lyon,3,Plane,£985,BG726H,,,,
France,Paris - Euro Disney,10,Train,"£1,259",A7995FR,,,,
France,Paris - Euro Disney,2,Plane,£69,TH789FR,,,,
Spain,Malaga,20,Plane,£199,TH788FR,,,,
Spain,Seville,5,Train,£177,I7897FR,,,,
Spain,Bognor,8,Plane,£199,SG7637L,,,,
England,Lyon,10,Train,£301,FR5625J,,,,
Spain,Riyadh,15,Plane,£219,A111G,,,,
Trinidad,Barcelona,8,Coach,£299,BR6736G,,,,
France,Nerja,6,Plane,£277,PG7836G,,,,
Spain,Malaga,17,Coach,£345,KSA8987,,,,
Spain,Seville,14,Coach,£920,I990AUS,,,,
Spain,Bognor,2,Plane,£289,AUS112J,,,,
England,Lyon,20,Plane,£198,CH266H,,,,
France,Paris - Euro Disney,5,Plane,£400,I456UK,,,,
France,Paris - Euro Disney,3,Plane,£288,TH8956SP,,,,
France,Nice,9,Plane,£25,AJ9836L,,,,
France,Toulouse,7,Plane,£399,GG9836P,,,,
France,Nimes,18,Plane,£489,PL8726P,,,,
France,Black Forest,4,Plane,£125,I6675SP,,,,
Germany,Berlin,14,Train,£289,SV767HH,,,,
Germany,Berlin,9,Plane,£365,WE6735L,,,,
Peru,Lima,10,Plane,£287,GR7878G,,,,
Saudi Arabia,Riyadh,12,Plane,£69,TT67624G,,,,
Australia,Great Barrier Reef,4,Plane,£300,A111G,,,,
Australia,Perth,7,Train,£975,BR6736G,,,,
Chile,Santiago,21,Coach,£995,PG7836G,,,,
France,Paris - Euro Disney,14,Coach,£950,KSA8987,,,,
France,Paris - Euro Disney,32,Plane,"£1,000",I990AUS,,,,
France,Nice,28,Plane,"£1,500",AUS112J,,,,
France,Toulouse,21,Plane,£69,CH266H,,,,
France,Nimes,3,Plane,£199,I456UK,,,,
France,Black Forest,10,Plane,£200,TH8956SP,,,,
Germany,Berlin,8,Train,£199,AJ9836L,,,,
Germany,Berlin,7,Plane,£550,GG9836P,,,,
Peru,Lima,14,Plane,£219,PL8726P,,,,
Saudi Arabia,Riyadh,4,Train,£299,I6675SP,,,,
Australia,Great Barrier Reef,14,Plane,£300,SV767HH,,,,
Australia,Perth,8,Train,£920,WE6735L,,,,
Chile,Santiago,10,Plane,£289,GR7878G,,,,
England,London,15,Plane,£198,TT67624G,,,,
Spain,Seville,8,Train,£69,I6675SP,,,,
Spain,Madrid,6,Plane,£199,TH990ESP,,,,
Spain,Granada,17,Train,£200,A776ESP,,,,
Trinidad,Port of Spain,14,Plane,£199,NM9876Y,,,,
Trinidad,Port of Spain,2,Coach,£550,BG726H,,,,
France,Paris - Euro Disney,20,Plane,£219,A7995FR,,,,
Spain,Nerja,5,Coach,£299,TH789FR,,,,
Spain,Malaga,8,Coach,£300,TH788FR,,,,
France,Paris - Euro Disney,12,Plane,£345,I7897FR,,,,
Spain,Nerja,4,Plane,£800,SG7637L,,,,
Spain,Malaga,7,Plane,£69,FR5625J,,,,
Spain,Seville,21,Plane,£289,A111G,,,,
England,Bognor,14,Plane,£975,BR6736G,,,,
France,Lyon,32,Train,£995,PG7836G,,,,
France,Paris - Euro Disney,28,Plane,£750,KSA8987,,,,
France,Paris - Euro Disney,21,Plane,£985,I990AUS,,,,
France,Nice,3,Plane,"£1,259",AUS112J,,,,
France,Toulouse,10,Plane,£69,CH266H,,,,
France,Nimes,8,Train,£199,I456UK,,,,
Germany,Black Forest,7,Coach,£177,TH8956SP,,,,
Spain,Malaga,14,Coach,£199,AJ9836L,,,,
Spain,Seville,8,Plane,£301,GG9836P,,,,
England,Bognor,7,Plane,£219,PL8726P,,,,
France,Lyon,7,Plane,£299,I6675SP,,,,
France,Paris - Euro Disney,4,Plane,£199,SV767HH,,,,
France,Paris - Euro Disney,9,Plane,£177,WE6735L,,,,
France,Nice,21,Train,£199,GR7878G,,,,
France,Toulouse,14,Plane,£301,TT67624G,,,,
France,Nimes,9,Plane,£219,TT67624G,,,,
Germany,Black Forest,10,Train,£299,I6675SP,,,,
Spain,Barcelona,12,Plane,£277,TH990ESP,,,,
Spain,Malaga,15,Train,£345,A776ESP,,,,
Spain,Barcelona,8,Plane,£287,NM9876Y,,,,
Spain,Seville,6,Coach,£69,BG726H,,,,
Spain,Barcelona,17,Plane,£300,A7995FR,,,,
Spain,Malaga,14,Coach,£69,TH789FR,,,,
Spain,Barcelona,2,Coach,£300,TH788FR,,,,
Spain,Seville,20,Plane,£975,I7897FR,,,,
Spain,Madrid,5,Plane,£995,SG7637L,,,,
Spain,Granada,8,Plane,£950,FR5625J,,,,
Trinidad,Port of Spain,10,Plane,"£1,000",A111G,,,,
Australia,Great Barrier Reef,15,Plane,"£1,500",BR6736G,,,,
Australia,Perth,8,Train,£69,PG7836G,,,,
Spain,Malaga,6,Plane,£199,KSA8987,,,,
Spain,Barcelona,17,Plane,£200,I990AUS,,,,
Spain,Seville,14,Plane,£199,AUS112J,,,,
Spain,Madrid,2,Plane,£550,CH266H,,,,
Spain,Granada,20,Train,£219,I456UK,,,,
Trinidad,Port of Spain,5,Coach,£299,TH8956SP,,,,
Spain,Madrid,3,Coach,£300,AJ9836L,,,,
Spain,Granada,8,Plane,£345,GG9836P,,,,
Trinidad,Port of Spain,7,Plane,£800,PL8726P,,,,
Peru,Lima,7,Plane,"£1,500",I6675SP,,,,
Saudi Arabia,Riyadh,4,Plane,£69,SV767HH,,,,
Australia,Great Barrier Reef,9,Plane,£199,WE6735L,,,,
Australia,Perth,21,Train,£200,GR7878G,,,,
Chile,Santiago,14,Plane,£300,TT67624G,,,,
England,London,9,Train,£345,WE6735L,,,,
Spain,Seville,10,Plane,£800,GR7878G,,,,
Spain,Barcelona,12,Plane,£69,TT67624G,,,,
Spain,Barcelona,15,Coach,£289,A111G,,,,
Spain,Malaga,8,Coach,£975,BR6736G,,,,
Spain,Barcelona,6,Plane,£995,PG7836G,,,,
Trinidad,Port of Spain,17,Plane,£300,KSA8987,,,,
France,Paris - Euro Disney,14,Plane,£345,I990AUS,,,,
Spain,Nerja,2,Plane,£199,AUS112J,,,,
Spain,Malaga,20,Plane,£550,CH266H,,,,
Spain,Seville,5,Train,£219,I456UK,,,,
France,Nice,8,Plane,£299,TH8956SP,,,,
France,Toulouse,10,Plane,£300,AJ9836L,,,,
France,Nimes,15,Coach,£345,GG9836P,,,,
Germany,Black Forest,8,Plane,£800,PL8726P,,,,
Germany,Berlin,6,Train,"£1,500",I6675SP,,,,
Peru,Lima,17,Train,£69,SV767HH,,,,
Saudi Arabia,Riyadh,14,Plane,£199,WE6735L,,,,
Spain,Barcelona,2,Plane,£200,GR7878G,,,,
Spain,Nerja,20,Plane,£300,TT67624G,,,,
Spain,Malaga,5,Train,£345,I6675SP,,,,
Australia,Perth,3,Plane,£800,TH990ESP,,,,
Chile,Santiago,8,Train,£69,A776ESP,,,,
England,London,7,Train,£289,NM9876Y,,,,
Spain,Seville,7,Plane,£975,BG726H,,,,
Spain,Barcelona,4,Train,£995,A7995FR,,,,
Spain,Barcelona,9,Plane,£287,TH789FR,,,,
Spain,Malaga,21,Coach,£69,TH788FR,,,,
Spain,Barcelona,14,Plane,£300,I7897FR,,,,
Spain,Seville,9,Coach,£975,SG7637L,,,,
Spain,Madrid,10,Coach,£995,FR5625J,,,,
Spain,Granada,12,Plane,£950,A111G,,,,
Trinidad,Port of Spain,17,Plane,£219,BR6736G,,,,
France,Nimes,14,Plane,£299,PG7836G,,,,
Germany,Black Forest,2,Plane,£300,KSA8987,,,,
Germany,Berlin,20,Plane,£345,I990AUS,,,,
Peru,Lima,5,Train,£800,AUS112J,,,,
Saudi Arabia,Riyadh,3,Plane,"£1,500",CH266H,,,,
Australia,Great Barrier Reef,8,Plane,£69,I456UK,,,,
Australia,Perth,7,Plane,£199,TH8956SP,,,,
Chile,Santiago,7,Plane,£200,AJ9836L,,,,
England,London,4,Train,£199,GG9836P,,,,
Spain,Seville,9,Coach,£550,PL8726P,,,,
Spain,Barcelona,21,Coach,£219,I6675SP,,,,
Australia,Perth,14,Plane,£299,SV767HH,,,,
Chile,Santiago,9,Plane,£300,WE6735L,,,,
England,London,10,Plane,£345,GR7878G,,,,
Spain,Seville,12,Plane,£800,TT67624G,,,,
Spain,Barcelona,15,Plane,£69,TT67624G,,,,
Spain,Barcelona,8,Plane,£289,I6675SP,,,,
Spain,Malaga,6,Train,£975,TH990ESP,,,,
England,London,17,Plane,£995,A776ESP,,,,
Spain,Seville,14,Train,£750,NM9876Y,,,,
Spain,Barcelona,2,Plane,£985,BG726H,,,,
Spain,Barcelona,20,Plane,"£1,259",A7995FR,,,,
Spain,Malaga,5,Coach,£69,TH789FR,,,,
Spain,Barcelona,8,Coach,£199,TH788FR,,,,
Spain,Seville,10,Plane,£177,I7897FR,,,,
Spain,Madrid,15,Plane,£199,SG7637L,,,,
Spain,Granada,8,Plane,£301,FR5625J,,,,
Trinidad,Port of Spain,6,Plane,£219,A111G,,,,
Trinidad,Port of Spain,17,Plane,£299,BR6736G,,,,
Trinidad,Port of Spain,14,Train,£199,PG7836G,,,,
Peru,Lima,2,Plane,£177,KSA8987,,,,
Saudi Arabia,Riyadh,20,Plane,£199,I990AUS,,,,
Australia,Great Barrier Reef,5,Coach,£301,AUS112J,,,,
Australia,Perth,3,Plane,£219,CH266H,,,,
Chile,Santiago,8,Train,£299,I456UK,,,,
England,London,7,Train,£277,TH8956SP,,,,
Spain,Seville,7,Plane,£345,AJ9836L,,,,
Spain,Barcelona,4,Plane,£287,GG9836P,,,,
Spain,Barcelona,9,Plane,£69,PL8726P,,,,
Spain,Malaga,21,Train,£300,I6675SP,,,,
Spain,Barcelona,14,Plane,£69,SV767HH,,,,
Spain,Barcelona,9,Train,£300,WE6735L,,,,
Spain,Malaga,10,Train,£975,GR7878G,,,,
Spain,Barcelona,12,Plane,£995,TT67624G,,,,
Spain,Seville,8,Train,£950,A776ESP,,,,
Spain,Madrid,7,Train,"£1,000",NM9876Y,,,,
Spain,Granada,7,Plane,"£1,500",BG726H,,,,
Trinidad,Port of Spain,4,Train,£301,A7995FR,,,,
Australia,Great Barrier Reef,9,Plane,£219,TH789FR,,,,
Australia,Perth,21,Coach,£299,TH788FR,,,,
Spain,Malaga,14,Plane,£277,I7897FR,,,,
Spain,Barcelona,9,Coach,£345,SG7637L,,,,
Spain,Seville,10,Coach,£287,FR5625J,,,,
Spain,Madrid,12,Plane,£69,A111G,,,,
Spain,Granada,17,Plane,£300,BR6736G,,,,
Trinidad,Port of Spain,14,Plane,£69,PG7836G,,,,
Spain,Madrid,2,Plane,£300,KSA8987,,,,
Spain,Granada,20,Plane,£975,I990AUS,,,,
Trinidad,Port of Spain,5,Train,£995,AUS112J,,,,
Peru,Lima,3,Plane,£950,CH266H,,,,
Saudi Arabia,Riyadh,8,Plane,"£1,000",I456UK,,,,
Australia,Great Barrier Reef,7,Plane,"£1,500",TH8956SP,,,,
Australia,Perth,7,Plane,£69,AJ9836L,,,,
Chile,Santiago,4,Train,£199,GG9836P,,,,
England,London,9,Coach,£200,PL8726P,,,,
Spain,Seville,21,Coach,£300,I6675SP,,,,
Spain,Barcelona,14,Plane,£975,SV767HH,,,,
Spain,Barcelona,9,Plane,£995,WE6735L,,,,
Spain,Malaga,10,Plane,£950,GR7878G,,,,
Spain,Barcelona,12,Plane,£219,TT67624G,,,,
Trinidad,Port of Spain,15,Plane,£299,TT67624G,,,,
France,Paris - Euro Disney,8,Plane,£300,I6675SP,,,,
Spain,Nerja,6,Train,£345,TH990ESP,,,,
Spain,Malaga,17,Plane,£800,A776ESP,,,,
Spain,Seville,14,Train,"£1,500",NM9876Y,,,,
France,Nice,2,Plane,£69,BG726H,,,,
France,Toulouse,20,Plane,£199,A7995FR,,,,
France,Nimes,5,Coach,£200,TH789FR,,,,
Germany,Black Forest,8,Coach,£300,TH788FR,,,,
Germany,Berlin,10,Plane,£199,I7897FR,,,,
Peru,Lima,15,Plane,£200,SG7637L,,,,
Saudi Arabia,Riyadh,8,Plane,£199,FR5625J,,,,
Spain,Barcelona,6,Plane,£550,A111G,,,,
Spain,Nerja,17,Plane,£219,BR6736G,,,,
Spain,Malaga,14,Train,£69,PG7836G,,,,
Australia,Perth,2,Plane,£199,KSA8987,,,,
Chile,Santiago,20,Plane,£200,I990AUS,,,,
England,London,5,Coach,£199,AUS112J,,,,
Spain,Seville,3,Plane,£550,CH266H,,,,
Spain,Barcelona,8,Train,£219,I456UK,,,,
Spain,Barcelona,7,Train,£299,TH8956SP,,,,
Spain,Malaga,7,Plane,£300,AJ9836L,,,,
Spain,Barcelona,4,Plane,£345,GG9836P,,,,
Spain,Seville,15,Plane,£800,PL8726P,,,,
Spain,Madrid,8,Train,"£1,500",I6675SP,,,,
Spain,Granada,6,Plane,£69,SV767HH,,,,
Germany,Berlin,17,Train,£199,WE6735L,,,,
Peru,Lima,14,Train,£200,GR7878G,,,,
Saudi Arabia,Riyadh,2,Plane,£300,TT67624G,,,,
Spain,Barcelona,20,Train,£269,TH789FR,,,,
Spain,Nerja,5,Plane,£125,TH788FR,,,,
Spain,Malaga,3,Plane,£69,I7897FR,,,,
Spain,Seville,8,Plane,£199,SG7637L,,,,
England,Bognor,7,Coach,£200,FR5625J,,,,
France,Lyon,7,Plane,£199,A111G,,,,
France,Paris - Euro Disney,4,Train,£550,BR6736G,,,,
France,Paris - Euro Disney,9,Train,£219,PG7836G,,,,
France,Nice,21,Plane,£299,KSA8987,,,,
France,Toulouse,14,Train,£300,I990AUS,,,,
France,Lyon,9,Plane,£345,AUS112J,,,,
Germany,Berlin,14,Train,£800,SV767HH,,,,
Germany,Berlin,9,Plane,£69,WE6735L,,,,
Peru,Lima,10,Plane,£289,GR7878G,,,,
Saudi Arabia,Riyadh,12,Plane,£975,TT67624G,,,,
Australia,Great Barrier Reef,4,Plane,£995,A111G,,,,
Australia,Perth,7,Train,£750,BR6736G,,,,
Chile,Santiago,21,Coach,£985,PG7836G,,,,
France,Paris - Euro Disney,14,Coach,"£1,259",KSA8987,,,,
France,Paris - Euro Disney,32,Plane,£69,I990AUS,,,,
France,Nice,28,Plane,£199,AUS112J,,,,
France,Toulouse,21,Plane,£177,CH266H,,,,
France,Nimes,3,Plane,£199,I456UK,,,,
France,Black Forest,10,Plane,£301,TH8956SP,,,,
Germany,Berlin,8,Train,£219,AJ9836L,,,,
Germany,Berlin,7,Plane,£299,GG9836P,,,,
Peru,Lima,14,Plane,£199,PL8726P,,,,
Saudi Arabia,Riyadh,4,Train,£177,I6675SP,,,,
Australia,Great Barrier Reef,14,Plane,£199,SV767HH,,,,
Australia,Perth,8,Train,£301,WE6735L,,,,
Chile,Santiago,10,Plane,£219,GR7878G,,,,
England,London,15,Plane,£299,TT67624G,,,,
Spain,Seville,8,Train,£277,I6675SP,,,,
Spain,Barcelona,6,Plane,£345,TH990ESP,,,,
Spain,Barcelona,17,Train,£287,A776ESP,,,,
Spain,Malaga,14,Plane,£69,NM9876Y,,,,
Spain,Madrid,2,Coach,£300,BG726H,,,,
Spain,Granada,20,Plane,£69,A7995FR,,,,
Trinidad,Port of Spain,5,Coach,£300,TH789FR,,,,
Germany,Black Forest,8,Coach,£975,TH788FR,,,,
Germany,Berlin,12,Plane,£995,I7897FR,,,,
Peru,Lima,4,Plane,£950,SG7637L,,,,
Saudi Arabia,Riyadh,7,Plane,"£1,000",FR5625J,,,,
Australia,Great Barrier Reef,21,Plane,"£1,500",A111G,,,,
Australia,Perth,14,Plane,£69,BR6736G,,,,
Chile,Santiago,32,Train,£199,PG7836G,,,,
England,London,28,Plane,£200,KSA8987,,,,
Spain,Seville,21,Plane,£985,I990AUS,,,,
Spain,Barcelona,3,Plane,"£1,259",AUS112J,,,,
Spain,Barcelona,10,Plane,£69,CH266H,,,,
Spain,Malaga,8,Train,£199,I456UK,,,,
France,Nice,7,Coach,£177,TH8956SP,,,,
France,Toulouse,14,Coach,£199,AJ9836L,,,,
France,Nimes,8,Plane,£301,GG9836P,,,,
Germany,Black Forest,7,Plane,£219,PL8726P,,,,
Germany,Berlin,7,Plane,£299,I6675SP,,,,
Peru,Lima,4,Plane,£199,SV767HH,,,,
Saudi Arabia,Riyadh,9,Plane,£177,WE6735L,,,,
Australia,Great Barrier Reef,21,Train,£199,GR7878G,,,,
Australia,Perth,14,Plane,£301,TT67624G,,,,
Chile,Santiago,9,Plane,£219,TT67624G,,,,
England,London,10,Train,£299,I6675SP,,,,
Spain,Seville,12,Plane,£277,TH990ESP,,,,
Spain,Barcelona,15,Train,£345,A776ESP,,,,
Spain,Barcelona,8,Plane,£287,NM9876Y,,,,
Spain,Malaga,6,Coach,£69,BG726H,,,,
Spain,Barcelona,17,Plane,£300,A7995FR,,,,
Spain,Seville,14,Coach,£69,TH789FR,,,,
Spain,Madrid,2,Coach,£300,TH788FR,,,,
Spain,Granada,20,Plane,£975,I7897FR,,,,
Trinidad,Port of Spain,5,Plane,£995,SG7637L,,,,
France,Nimes,8,Plane,£301,FR5625J,,,,
Germany,Black Forest,10,Plane,£219,A111G,,,,
Germany,Berlin,15,Plane,£299,BR6736G,,,,
Peru,Lima,8,Train,£277,PG7836G,,,,
Saudi Arabia,Riyadh,6,Plane,£345,KSA8987,,,,
Australia,Great Barrier Reef,17,Plane,£287,I990AUS,,,,
Australia,Perth,14,Plane,£69,AUS112J,,,,
Chile,Santiago,2,Plane,£300,CH266H,,,,
England,London,20,Train,£69,I456UK,,,,
Spain,Seville,5,Coach,£300,TH8956SP,,,,
Spain,Barcelona,3,Coach,£975,AJ9836L,,,,
Spain,Barcelona,8,Plane,£995,GG9836P,,,,
Spain,Malaga,7,Plane,£950,PL8726P,,,,
Spain,Barcelona,7,Plane,"£1,000",I6675SP,,,,
Spain,Seville,4,Plane,"£1,500",SV767HH,,,,
Spain,Madrid,9,Plane,£69,WE6735L,,,,
Spain,Granada,21,Train,£199,GR7878G,,,,
Trinidad,Port of Spain,14,Plane,£200,TT67624G,,,,
Spain,Madrid,9,Train,£300,WE6735L,,,,
Spain,Granada,10,Plane,£975,GR7878G,,,,
Trinidad,Port of Spain,12,Plane,£995,TT67624G,,,,
Peru,Lima,15,Coach,£950,A111G,,,,
Saudi Arabia,Riyadh,8,Coach,£219,BR6736G,,,,
Australia,Great Barrier Reef,6,Plane,£299,PG7836G,,,,
Australia,Perth,17,Plane,£300,KSA8987,,,,
Chile,Santiago,14,Plane,£345,I990AUS,,,,
England,London,2,Plane,£800,AUS112J,,,,
Spain,Seville,20,Plane,"£1,500",CH266H,,,,
Spain,Barcelona,5,Train,£69,I456UK,,,,
Spain,Barcelona,8,Plane,£199,TH8956SP,,,,
Spain,Malaga,10,Plane,£200,AJ9836L,,,,
Spain,Barcelona,15,Coach,£300,GG9836P,,,,
Spain,Barcelona,17,Plane,£199,A7995FR,,,,
Spain,Malaga,14,Coach,£200,TH789FR,,,,
Spain,Barcelona,2,Coach,£199,TH788FR,,,,
Spain,Seville,20,Plane,£550,I7897FR,,,,
Spain,Madrid,5,Plane,£219,SG7637L,,,,
Spain,Granada,8,Plane,£69,FR5625J,,,,
Trinidad,Port of Spain,10,Plane,£199,A111G,,,,
Australia,Great Barrier Reef,15,Plane,£200,BR6736G,,,,
Australia,Perth,8,Train,£199,PG7836G,,,,
Spain,Malaga,6,Plane,£550,KSA8987,,,,
Spain,Barcelona,17,Plane,£219,I990AUS,,,,
Spain,Seville,14,Plane,£299,AUS112J,,,,
Spain,Madrid,2,Plane,£300,CH266H,,,,
Spain,Granada,20,Train,£345,I456UK,,,,
Trinidad,Port of Spain,5,Coach,£800,TH8956SP,,,,
Spain,Madrid,3,Coach,"£1,500",AJ9836L,,,,
Spain,Granada,8,Plane,£69,GG9836P,,,,
Trinidad,Port of Spain,7,Plane,£199,PL8726P,,,,
Peru,Lima,7,Plane,"£1,500",I6675SP,,,,
Saudi Arabia,Riyadh,4,Plane,£69,SV767HH,,,,
Australia,Great Barrier Reef,9,Plane,£199,WE6735L,,,,
Australia,Perth,21,Train,£200,GR7878G,,,,
Chile,Santiago,14,Plane,£300,TT67624G,,,,
England,London,9,Train,£345,WE6735L,,,,
Spain,Seville,10,Plane,£800,GR7878G,,,,
Spain,Barcelona,12,Plane,£69,TT67624G,,,,
Spain,Barcelona,15,Coach,£289,A111G,,,,
Spain,Malaga,8,Coach,£975,BR6736G,,,,
Spain,Barcelona,6,Plane,£995,PG7836G,,,,
Trinidad,Port of Spain,17,Plane,£300,KSA8987,,,,
France,Paris - Euro Disney,14,Plane,£345,I990AUS,,,,
Spain,Nerja,2,Plane,£199,AUS112J,,,,
Spain,Malaga,20,Plane,£550,CH266H,,,,
Spain,Barcelona,5,Train,£219,I456UK,,,,
Trinidad,Port of Spain,8,Plane,£299,TH8956SP,,,,
France,Paris - Euro Disney,10,Plane,£300,AJ9836L,,,,
Spain,Nerja,15,Coach,£345,GG9836P,,,,
Spain,Malaga,8,Plane,£800,PL8726P,,,,
Spain,Seville,6,Train,"£1,500",I6675SP,,,,
France,Nice,17,Train,£69,SV767HH,,,,
France,Toulouse,14,Plane,£199,WE6735L,,,,
France,Nimes,2,Plane,£200,GR7878G,,,,
Germany,Black Forest,20,Plane,£300,TT67624G,,,,
Germany,Berlin,5,Train,£345,I6675SP,,,,
Peru,Lima,3,Plane,£800,TH990ESP,,,,
Saudi Arabia,Riyadh,8,Train,£69,A776ESP,,,,
Spain,Barcelona,7,Train,£289,NM9876Y,,,,
Spain,Nerja,7,Plane,£975,BG726H,,,,
Spain,Malaga,4,Train,£995,A7995FR,,,,
Australia,Perth,9,Plane,£287,TH789FR,,,,
Chile,Santiago,21,Coach,£69,TH788FR,,,,
England,London,14,Plane,£300,I7897FR,,,,
Spain,Seville,9,Coach,£975,SG7637L,,,,
Spain,Barcelona,10,Coach,£995,FR5625J,,,,
Spain,Granada,12,Plane,"£1,000",A111G,,,,